﻿{
  "openapi": "3.0.2",
  "info": {
    "title": "ANW Server Capability Statement v2.0",
    "description": "Version 2.0 capability statement with extended requirements for ANW FHIR servers - adds support for Observation resources and write operations",
    "license": {
      "name": "GNU General Public License v3.0 or later",
      "url": "http://spdx.org/licenses/GPL-3.0-or-later.html"
    },
    "version": "0.1.0",
    "contact": {
      "name": "Stichting Nuts",
      "url": "https://www.nuts.nl"
    }
  },
  "externalDocs": {
    "url": "http://nuts-foundation.github.io/nl-generic-anw-ig/CapabilityStatement/ANWBronhouderCapabilityStatement",
    "description": "FHIR CapabilityStatement"
  },
  "paths": {
    "/metadata": {
      "summary": "Access to the Server\u0027s Capability Statement",
      "description": "All FHIR Servers return a CapabilityStatement that describes what services they perform",
      "get": {
        "summary": "Return the server\u0027s capability statement",
        "operationId": "metadata",
        "responses": {
          "default": {
            "description": "Error, with details",
            "content": {
              "application/fhir+json": {
                "schema": {
                  "$ref": "https://hl7.org/fhir/R4/fhir.schema.json#/definitions/OperationOutcome"
                }
              },
              "application/fhir+xml": {
                "schema": {
                  "$ref": "https://hl7.org/fhir/R4/OperationOutcome.xsd"
                }
              }
            }
          },
          "200": {
            "description": "the capbility statement",
            "content": {
              "application/fhir+json": {
                "schema": {
                  "$ref": "https://hl7.org/fhir/R4/fhir.schema.json#/definitions/CapabilityStatement"
                }
              },
              "application/fhir+xml": {
                "schema": {
                  "$ref": "https://hl7.org/fhir/R4/CapabilityStatement.xsd"
                }
              }
            }
          }
        },
        "parameters": [
          {
            "$ref": "#/components/parameters/format"
          },
          {
            "$ref": "#/components/parameters/pretty"
          },
          {
            "$ref": "#/components/parameters/summary"
          },
          {
            "$ref": "#/components/parameters/elements"
          }
        ]
      }
    },
    "/Patient": {
      "summary": "Manager for resources of type Patient",
      "description": "The Manager for resources of type Patient: provides services to manage the collection of all the Patient instances",
      "get": {
        "summary": "Search all resources of type Patient based on a set of criteria",
        "operationId": "searchPatient",
        "responses": {
          "default": {
            "description": "Error, with details",
            "content": {
              "application/fhir+json": {
                "schema": {
                  "$ref": "https://hl7.org/fhir/R4/fhir.schema.json#/definitions/OperationOutcome"
                }
              },
              "application/fhir+xml": {
                "schema": {
                  "$ref": "https://hl7.org/fhir/R4/OperationOutcome.xsd"
                }
              }
            }
          },
          "200": {
            "description": "the resource being returned",
            "content": {
              "application/fhir+json": {
                "schema": {
                  "$ref": "https://hl7.org/fhir/R4/fhir.schema.json#/definitions/Bundle"
                }
              },
              "application/fhir+xml": {
                "schema": {
                  "$ref": "https://hl7.org/fhir/R4/Bundle.xsd"
                }
              }
            }
          }
        },
        "parameters": [
          {
            "$ref": "#/components/parameters/format"
          },
          {
            "$ref": "#/components/parameters/pretty"
          },
          {
            "$ref": "#/components/parameters/summary"
          },
          {
            "$ref": "#/components/parameters/elements"
          },
          {
            "name": "identifier",
            "in": "query",
            "description": "Search Patient by identifier (e.g., BSN)",
            "schema": {
              "type": "string"
            }
          },
          {
            "name": "family",
            "in": "query",
            "description": "Search Patient by family name",
            "schema": {
              "type": "string"
            }
          },
          {
            "name": "birthdate",
            "in": "query",
            "description": "Search Patient by birth date",
            "schema": {
              "type": "string",
              "pattern": "([0-9]([0-9]([0-9][1-9]|[1-9]0)|[1-9]00)|[1-9]000)(-(0[1-9]|1[0-2])(-(0[1-9]|[1-2][0-9]|3[0-1])(T([01][0-9]|2[0-3]):[0-5][0-9]:([0-5][0-9]|60)(\\.[0-9]+)?(Z|(\\+|-)((0[0-9]|1[0-3]):[0-5][0-9]|14:00)))?)?)?"
            }
          },
          {
            "name": "_lastUpdated",
            "in": "query",
            "description": "Search Patient by last updated date",
            "schema": {
              "type": "string",
              "pattern": "([0-9]([0-9]([0-9][1-9]|[1-9]0)|[1-9]00)|[1-9]000)(-(0[1-9]|1[0-2])(-(0[1-9]|[1-2][0-9]|3[0-1])(T([01][0-9]|2[0-3]):[0-5][0-9]:([0-5][0-9]|60)(\\.[0-9]+)?(Z|(\\+|-)((0[0-9]|1[0-3]):[0-5][0-9]|14:00)))?)?)?"
            }
          }
        ]
      },
      "post": {
        "summary": "Create a new resource",
        "operationId": "createPatient",
        "requestBody": {
          "description": "The new state of the resource",
          "required": true,
          "content": {
            "application/fhir+json": {
              "schema": {
                "$ref": "https://hl7.org/fhir/R4/fhir.schema.json#/definitions/Patient"
              }
            },
            "application/fhir+xml": {
              "schema": {
                "$ref": "https://hl7.org/fhir/R4/Patient.xsd"
              }
            }
          }
        },
        "responses": {
          "default": {
            "description": "Error, with details",
            "content": {
              "application/fhir+json": {
                "schema": {
                  "$ref": "https://hl7.org/fhir/R4/fhir.schema.json#/definitions/OperationOutcome"
                }
              },
              "application/fhir+xml": {
                "schema": {
                  "$ref": "https://hl7.org/fhir/R4/OperationOutcome.xsd"
                }
              }
            }
          },
          "200": {
            "description": "the resource being returned after being updated",
            "headers": {
              "ETag": {
                "description": "Version from Resource.meta.version as a weak ETag",
                "schema": {
                  "type": "string"
                }
              }
            },
            "content": {
              "application/fhir+json": {
                "schema": {
                  "$ref": "https://hl7.org/fhir/R4/fhir.schema.json#/definitions/Patient"
                }
              },
              "application/fhir+xml": {
                "schema": {
                  "$ref": "https://hl7.org/fhir/R4/Patient.xsd"
                }
              }
            }
          }
        },
        "parameters": [
          {
            "$ref": "#/components/parameters/summary"
          },
          {
            "$ref": "#/components/parameters/format"
          },
          {
            "$ref": "#/components/parameters/pretty"
          },
          {
            "$ref": "#/components/parameters/elements"
          }
        ]
      }
    },
    "/Patient/{rid}": {
      "summary": "Read/Write/etc resource instance of type Patient",
      "description": "Access to services to manage the state of a single resource of type Patient",
      "get": {
        "summary": "Read the current state of the resource",
        "operationId": "readPatient",
        "responses": {
          "default": {
            "description": "Error, with details",
            "content": {
              "application/fhir+json": {
                "schema": {
                  "$ref": "https://hl7.org/fhir/R4/fhir.schema.json#/definitions/OperationOutcome"
                }
              },
              "application/fhir+xml": {
                "schema": {
                  "$ref": "https://hl7.org/fhir/R4/OperationOutcome.xsd"
                }
              }
            }
          },
          "200": {
            "description": "the resource being returned",
            "headers": {
              "ETag": {
                "description": "Version from Resource.meta.version as a weak ETag",
                "schema": {
                  "type": "string"
                }
              }
            },
            "content": {
              "application/fhir+json": {
                "schema": {
                  "$ref": "https://hl7.org/fhir/R4/fhir.schema.json#/definitions/Patient"
                }
              },
              "application/fhir+xml": {
                "schema": {
                  "$ref": "https://hl7.org/fhir/R4/Patient.xsd"
                }
              }
            }
          }
        },
        "parameters": [
          {
            "$ref": "#/components/parameters/rid"
          },
          {
            "$ref": "#/components/parameters/summary"
          },
          {
            "$ref": "#/components/parameters/format"
          },
          {
            "$ref": "#/components/parameters/pretty"
          },
          {
            "$ref": "#/components/parameters/elements"
          }
        ]
      },
      "put": {
        "summary": "Update the current state of the resource",
        "operationId": "updatePatient",
        "requestBody": {
          "description": "The new state of the resource",
          "required": true,
          "content": {
            "application/fhir+json": {
              "schema": {
                "$ref": "https://hl7.org/fhir/R4/fhir.schema.json#/definitions/Patient"
              }
            },
            "application/fhir+xml": {
              "schema": {
                "$ref": "https://hl7.org/fhir/R4/Patient.xsd"
              }
            }
          }
        },
        "responses": {
          "default": {
            "description": "Error, with details",
            "content": {
              "application/fhir+json": {
                "schema": {
                  "$ref": "https://hl7.org/fhir/R4/fhir.schema.json#/definitions/OperationOutcome"
                }
              },
              "application/fhir+xml": {
                "schema": {
                  "$ref": "https://hl7.org/fhir/R4/OperationOutcome.xsd"
                }
              }
            }
          },
          "200": {
            "description": "the resource being returned after being updated",
            "headers": {
              "ETag": {
                "description": "Version from Resource.meta.version as a weak ETag",
                "schema": {
                  "type": "string"
                }
              }
            },
            "content": {
              "application/fhir+json": {
                "schema": {
                  "$ref": "https://hl7.org/fhir/R4/fhir.schema.json#/definitions/Patient"
                }
              },
              "application/fhir+xml": {
                "schema": {
                  "$ref": "https://hl7.org/fhir/R4/Patient.xsd"
                }
              }
            }
          }
        },
        "parameters": [
          {
            "$ref": "#/components/parameters/rid"
          },
          {
            "$ref": "#/components/parameters/summary"
          },
          {
            "$ref": "#/components/parameters/format"
          },
          {
            "$ref": "#/components/parameters/pretty"
          },
          {
            "$ref": "#/components/parameters/elements"
          }
        ]
      }
    },
    "/Observation": {
      "summary": "Manager for resources of type Observation",
      "description": "The Manager for resources of type Observation: provides services to manage the collection of all the Observation instances",
      "get": {
        "summary": "Search all resources of type Observation based on a set of criteria",
        "operationId": "searchObservation",
        "responses": {
          "default": {
            "description": "Error, with details",
            "content": {
              "application/fhir+json": {
                "schema": {
                  "$ref": "https://hl7.org/fhir/R4/fhir.schema.json#/definitions/OperationOutcome"
                }
              },
              "application/fhir+xml": {
                "schema": {
                  "$ref": "https://hl7.org/fhir/R4/OperationOutcome.xsd"
                }
              }
            }
          },
          "200": {
            "description": "the resource being returned",
            "content": {
              "application/fhir+json": {
                "schema": {
                  "$ref": "https://hl7.org/fhir/R4/fhir.schema.json#/definitions/Bundle"
                }
              },
              "application/fhir+xml": {
                "schema": {
                  "$ref": "https://hl7.org/fhir/R4/Bundle.xsd"
                }
              }
            }
          }
        },
        "parameters": [
          {
            "$ref": "#/components/parameters/format"
          },
          {
            "$ref": "#/components/parameters/pretty"
          },
          {
            "$ref": "#/components/parameters/summary"
          },
          {
            "$ref": "#/components/parameters/elements"
          },
          {
            "name": "patient",
            "in": "query",
            "description": "Search Observation by patient reference",
            "schema": {
              "type": "string"
            }
          },
          {
            "name": "code",
            "in": "query",
            "description": "Search Observation by observation code",
            "schema": {
              "type": "string"
            }
          },
          {
            "name": "date",
            "in": "query",
            "description": "Search Observation by observation date",
            "schema": {
              "type": "string",
              "pattern": "([0-9]([0-9]([0-9][1-9]|[1-9]0)|[1-9]00)|[1-9]000)(-(0[1-9]|1[0-2])(-(0[1-9]|[1-2][0-9]|3[0-1])(T([01][0-9]|2[0-3]):[0-5][0-9]:([0-5][0-9]|60)(\\.[0-9]+)?(Z|(\\+|-)((0[0-9]|1[0-3]):[0-5][0-9]|14:00)))?)?)?"
            }
          }
        ]
      },
      "post": {
        "summary": "Create a new resource",
        "operationId": "createObservation",
        "requestBody": {
          "description": "The new state of the resource",
          "required": true,
          "content": {
            "application/fhir+json": {
              "schema": {
                "$ref": "https://hl7.org/fhir/R4/fhir.schema.json#/definitions/Observation"
              }
            },
            "application/fhir+xml": {
              "schema": {
                "$ref": "https://hl7.org/fhir/R4/Observation.xsd"
              }
            }
          }
        },
        "responses": {
          "default": {
            "description": "Error, with details",
            "content": {
              "application/fhir+json": {
                "schema": {
                  "$ref": "https://hl7.org/fhir/R4/fhir.schema.json#/definitions/OperationOutcome"
                }
              },
              "application/fhir+xml": {
                "schema": {
                  "$ref": "https://hl7.org/fhir/R4/OperationOutcome.xsd"
                }
              }
            }
          },
          "200": {
            "description": "the resource being returned after being updated",
            "headers": {
              "ETag": {
                "description": "Version from Resource.meta.version as a weak ETag",
                "schema": {
                  "type": "string"
                }
              }
            },
            "content": {
              "application/fhir+json": {
                "schema": {
                  "$ref": "https://hl7.org/fhir/R4/fhir.schema.json#/definitions/Observation"
                }
              },
              "application/fhir+xml": {
                "schema": {
                  "$ref": "https://hl7.org/fhir/R4/Observation.xsd"
                }
              }
            }
          }
        },
        "parameters": [
          {
            "$ref": "#/components/parameters/summary"
          },
          {
            "$ref": "#/components/parameters/format"
          },
          {
            "$ref": "#/components/parameters/pretty"
          },
          {
            "$ref": "#/components/parameters/elements"
          }
        ]
      }
    },
    "/Observation/{rid}": {
      "summary": "Read/Write/etc resource instance of type Observation",
      "description": "Access to services to manage the state of a single resource of type Observation",
      "get": {
        "summary": "Read the current state of the resource",
        "operationId": "readObservation",
        "responses": {
          "default": {
            "description": "Error, with details",
            "content": {
              "application/fhir+json": {
                "schema": {
                  "$ref": "https://hl7.org/fhir/R4/fhir.schema.json#/definitions/OperationOutcome"
                }
              },
              "application/fhir+xml": {
                "schema": {
                  "$ref": "https://hl7.org/fhir/R4/OperationOutcome.xsd"
                }
              }
            }
          },
          "200": {
            "description": "the resource being returned",
            "headers": {
              "ETag": {
                "description": "Version from Resource.meta.version as a weak ETag",
                "schema": {
                  "type": "string"
                }
              }
            },
            "content": {
              "application/fhir+json": {
                "schema": {
                  "$ref": "https://hl7.org/fhir/R4/fhir.schema.json#/definitions/Observation"
                }
              },
              "application/fhir+xml": {
                "schema": {
                  "$ref": "https://hl7.org/fhir/R4/Observation.xsd"
                }
              }
            }
          }
        },
        "parameters": [
          {
            "$ref": "#/components/parameters/rid"
          },
          {
            "$ref": "#/components/parameters/summary"
          },
          {
            "$ref": "#/components/parameters/format"
          },
          {
            "$ref": "#/components/parameters/pretty"
          },
          {
            "$ref": "#/components/parameters/elements"
          }
        ]
      }
    }
  },
  "components": {
    "parameters": {
      "rid": {
        "name": "rid",
        "in": "path",
        "description": "id of the resource (\u003dResource.id)",
        "required": true,
        "allowEmptyValue": false,
        "style": "simple",
        "schema": {
          "type": "string"
        }
      },
      "hid": {
        "name": "hid",
        "in": "path",
        "description": "id of the history entry (\u003dResource.meta.versionId)",
        "required": true,
        "allowEmptyValue": false,
        "style": "simple",
        "schema": {
          "type": "string"
        }
      },
      "summary": {
        "name": "_summary",
        "in": "query",
        "description": "Requests the server to return a designated subset of the resource",
        "allowEmptyValue": true,
        "style": "form",
        "schema": {
          "type": "string",
          "enum": [
            "true",
            "text",
            "data",
            "count",
            "false"
          ]
        }
      },
      "format": {
        "name": "_format",
        "in": "query",
        "description": "Specify alternative response formats by their MIME-types (when a client is unable acccess accept: header)",
        "allowEmptyValue": true,
        "style": "form",
        "schema": {
          "type": "string",
          "format": "mime-type"
        }
      },
      "pretty": {
        "name": "_pretty",
        "in": "query",
        "description": "Ask for a pretty printed response for human convenience",
        "allowEmptyValue": true,
        "style": "form",
        "schema": {
          "type": "boolean"
        }
      },
      "elements": {
        "name": "_elements",
        "in": "query",
        "description": "Requests the server to return a collection of elements from the resource",
        "allowEmptyValue": true,
        "style": "form",
        "explode": false,
        "schema": {
          "type": "array",
          "format": "string",
          "items": {
            "format": "string"
          }
        }
      },
      "count": {
        "name": "_count",
        "in": "query",
        "description": "The maximum number of search results on a page. The server is not bound to return the number requested, but cannot return more",
        "schema": {
          "type": "number"
        }
      }
    }
  }
}