[
  {
    "id" : "ANWBronhouderCapabilityStatement-v1",
    "type" : "CapabilityStatement",
    "url" : "http://nuts-foundation.github.io/nl-generic-anw-ig/CapabilityStatement/ANWBronhouderCapabilityStatement",
    "version" : "0.1.0",
    "name" : "ANWBronhouderCapabilityStatementV1"
  },
  {
    "id" : "ANWBronhouderCapabilityStatement-v2",
    "type" : "CapabilityStatement",
    "url" : "http://nuts-foundation.github.io/nl-generic-anw-ig/CapabilityStatement/ANWBronhouderCapabilityStatement",
    "version" : "0.1.0",
    "name" : "ANWBronhouderCapabilityStatementV2"
  },
  {
    "id" : "ANWRegisseurCapabilityStatement-v1",
    "type" : "CapabilityStatement",
    "url" : "http://nuts-foundation.github.io/nl-generic-anw-ig/CapabilityStatement/ANWRegisseurCapabilityStatement",
    "version" : "0.1.0",
    "name" : "ANWRegisseurCapabilityStatementV1"
  },
  {
    "id" : "ANWZorgverlenerCapabilityStatement-v1",
    "type" : "CapabilityStatement",
    "url" : "http://nuts-foundation.github.io/nl-generic-anw-ig/CapabilityStatement/ANWZorgverlenerCapabilityStatement",
    "version" : "0.1.0",
    "name" : "ANWZorgverlenerCapabilityStatementV1"
  },
  {
    "id" : "nl.nuts.anw",
    "type" : "ImplementationGuide",
    "url" : "http://nuts-foundation.github.io/nl-generic-anw-ig/ImplementationGuide/nl.nuts.anw",
    "version" : "0.1.0",
    "name" : "NLAnwIG"
  },
  {
    "id" : "example-patient",
    "type" : "StructureDefinition",
    "url" : "http://nuts-foundation.github.io/nl-generic-anw-ig/StructureDefinition/example-patient",
    "version" : "0.1.0",
    "name" : "NLPatient"
  }
]
