[
  {
    "id" : "ANWServerCapabilityStatement-v1",
    "type" : "CapabilityStatement",
    "url" : "http://nuts-foundation.github.io/nl-generic-anw-ig/CapabilityStatement/ANWServerCapabilityStatement",
    "version" : "0.1.0",
    "name" : "ANWServerCapabilityStatementV1"
  },
  {
    "id" : "ANWServerCapabilityStatement-v2",
    "type" : "CapabilityStatement",
    "url" : "http://nuts-foundation.github.io/nl-generic-anw-ig/CapabilityStatement/ANWServerCapabilityStatement",
    "version" : "0.1.0",
    "name" : "ANWServerCapabilityStatementV2"
  },
  {
    "id" : "nl.nuts.anw",
    "type" : "ImplementationGuide",
    "url" : "http://nuts-foundation.github.io/nl-generic-anw-ig/ImplementationGuide/nl.nuts.anw",
    "version" : "0.1.0",
    "name" : "NLAnwIG"
  },
  {
    "id" : "example-patient",
    "type" : "StructureDefinition",
    "url" : "http://nuts-foundation.github.io/nl-generic-anw-ig/StructureDefinition/example-patient",
    "version" : "0.1.0",
    "name" : "NLPatient"
  }
]
