{
  "resourceType" : "CapabilityStatement",
  "id" : "ANWBronhouderCapabilityStatement-v1",
  "text" : {
    "status" : "extensions",
    "div" : "<div xmlns=\"http://www.w3.org/1999/xhtml\"><p class=\"res-header-id\"><b>Generated Narrative: CapabilityStatement ANWBronhouderCapabilityStatement-v1</b></p><a name=\"ANWBronhouderCapabilityStatement-v1\"> </a><a name=\"hcANWBronhouderCapabilityStatement-v1\"> </a><h2 id=\"title\">ANW Bronhouder Capability Statement v1.0.0</h2><ul><li>Implementation Guide Version: 0.1.0 </li><li>FHIR Version: 3.0.2 </li><li>Supported Formats: <code>json</code>, <code>xml</code></li><li>Published on: 2025-10-15 </li><li>Published by: Stichting Nuts </li></ul><blockquote class=\"impl-note\"><p><strong>Note to Implementers: FHIR Capabilities</strong></p><p>Any FHIR capability may be 'allowed' by the system unless explicitly marked as 'SHALL NOT'. A few items are marked as MAY in the Implementation Guide to highlight their potential relevance to the use case.</p></blockquote><h2 id=\"rest\">FHIR RESTful Capabilities</h2><div class=\"panel panel-default\"><div class=\"panel-heading\"><h3 id=\"mode1\" class=\"panel-title\">Mode: <code>server</code></h3></div><div class=\"panel-body\"><div><p>ANW FHIR Server v1.0 - supporting Patient resources with ANW-specific profiles</p>\n</div><div class=\"row\"><div class=\"col-12\"><span class=\"lead\">Summary of System-wide Operations</span><table class=\"table table-condensed table-hover\"><thead><tr><th>Conformance</th><th>Operation</th><th>Documentation</th></tr></thead><tbody><tr><td><b>SHALL</b></td><td>$bronhouder-notification-endpoint</td><td><div/></td></tr><tr><td><b>SHALL</b></td><td><a href=\"OperationDefinition-ANW-zorg.html\">$ANW-zorg</a></td><td><div/></td></tr></tbody></table></div></div></div></div><h3 id=\"resourcesCap1\">Capabilities by Resource/Profile</h3><h4 id=\"resourcesSummary1\">Summary</h4><p>The summary table lists the resources that are part of this configuration, and for each resource it lists:</p><ul><li>The relevant profiles (if any)</li><li>The interactions supported by each resource (<b><span class=\"bg-info\">R</span></b>ead, <b><span class=\"bg-info\">S</span></b>earch, <b><span class=\"bg-info\">U</span></b>pdate, and <b><span class=\"bg-info\">C</span></b>reate, are always shown, while <b><span class=\"bg-info\">VR</span></b>ead, <b><span class=\"bg-info\">P</span></b>atch, <b><span class=\"bg-info\">D</span></b>elete, <b><span class=\"bg-info\">H</span></b>istory on <b><span class=\"bg-info\">I</span></b>nstance, or <b><span class=\"bg-info\">H</span></b>istory on <b><span class=\"bg-info\">T</span></b>ype are only present if at least one of the resources has support for them.</li><li><span>The required, recommended, and some optional search parameters (if any). </span></li><li>The linked resources enabled for <code>_include</code></li><li>The other resources enabled for <code>_revinclude</code></li><li>The operations on the resource (if any)</li></ul><div class=\"table-responsive\"><table class=\"table table-condensed table-hover\"><thead><tr><th><b>Resource Type</b></th><th><b>Profile</b></th><th class=\"text-center\"><b title=\"GET a resource (read interaction)\">R</b></th><th class=\"text-center\"><b title=\"GET all set of resources of the type (search interaction)\">S</b></th><th class=\"text-center\"><b title=\"PUT a new resource version (update interaction)\">U</b></th><th class=\"text-center\"><b title=\"POST a new resource (create interaction)\">C</b></th><th><b title=\"Required and recommended search parameters\">Searches</b></th><th><code><b>_include</b></code></th><th><code><b>_revinclude</b></code></th><th><b>Operations</b></th></tr></thead><tbody><tr><td><a href=\"#Patient1-1\">Patient</a></td><td>\u00a0</td><td class=\"text-center\">y</td><td class=\"text-center\">y</td><td class=\"text-center\"/><td class=\"text-center\"/><td>_id</td><td><code>PractitionerRole:organization</code></td><td/><td/></tr><tr><td><a href=\"#Observation1-2\">Observation</a></td><td>http://nictiz.nl/fhir/StructureDefinition/zib-PulseRate</td><td class=\"text-center\"/><td class=\"text-center\">y</td><td class=\"text-center\"/><td class=\"text-center\"/><td>patient, _profile, _sort, _count</td><td/><td/><td/></tr><tr><td><a href=\"#Observation1-3\">Observation</a></td><td>http://nictiz.nl/fhir/StructureDefinition/zib-BloodPressure</td><td class=\"text-center\"/><td class=\"text-center\">y</td><td class=\"text-center\"/><td class=\"text-center\">y</td><td>patient, _profile, _sort, _count</td><td/><td/><td/></tr><tr><td><a href=\"#Observation1-4\">Observation</a></td><td>http://nictiz.nl/fhir/StructureDefinition/zib-BodyTemperature</td><td class=\"text-center\"/><td class=\"text-center\">y</td><td class=\"text-center\"/><td class=\"text-center\">y</td><td>patient, _profile, _sort, _count</td><td/><td/><td/></tr><tr><td><a href=\"#Observation1-5\">Observation</a></td><td>http://nictiz.nl/fhir/StructureDefinition/zib-BodyHeight</td><td class=\"text-center\"/><td class=\"text-center\">y</td><td class=\"text-center\"/><td class=\"text-center\">y</td><td>patient, _profile, _sort, _count</td><td/><td/><td/></tr><tr><td><a href=\"#Observation1-6\">Observation</a></td><td>http://nictiz.nl/fhir/StructureDefinition/zib-BodyWeight</td><td class=\"text-center\"/><td class=\"text-center\">y</td><td class=\"text-center\"/><td class=\"text-center\"/><td>patient, _profile, _sort, _count</td><td/><td/><td/></tr><tr><td><a href=\"#Observation1-7\">Observation</a></td><td>http://nictiz.nl/fhir/StructureDefinition/zib-Respiration</td><td class=\"text-center\"/><td class=\"text-center\">y</td><td class=\"text-center\"/><td class=\"text-center\"/><td>patient, _profile, _sort, _count</td><td/><td/><td/></tr><tr><td><a href=\"#Observation1-8\">Observation</a></td><td>https://nuts.nl/fhir/StructureDefinition/nl-core-nursingreport</td><td class=\"text-center\"/><td class=\"text-center\">y</td><td class=\"text-center\"/><td class=\"text-center\">y</td><td>patient, _profile, _sort, _count</td><td/><td/><td/></tr><tr><td><a href=\"#Observation1-9\">Observation</a></td><td>http://nictiz.nl/fhir/StructureDefinition/zib-LivingSituation</td><td class=\"text-center\"/><td class=\"text-center\">y</td><td class=\"text-center\"/><td class=\"text-center\"/><td>patient, _profile, _sort, _count</td><td/><td/><td/></tr><tr><td><a href=\"#Flag1-10\">Flag</a></td><td>http://nictiz.nl/fhir/StructureDefinition/zib-Alert</td><td class=\"text-center\"/><td class=\"text-center\">y</td><td class=\"text-center\"/><td class=\"text-center\"/><td>patient, _profile</td><td/><td/><td/></tr><tr><td><a href=\"#Consent1-11\">Consent</a></td><td>http://nictiz.nl/fhir/StructureDefinition/zib-AdvanceDirective</td><td class=\"text-center\"/><td class=\"text-center\">y</td><td class=\"text-center\"/><td class=\"text-center\"/><td>patient, _profile</td><td/><td/><td/></tr><tr><td><a href=\"#AllergyIntolerance1-12\">AllergyIntolerance</a></td><td>http://nictiz.nl/fhir/StructureDefinition/zib-AllergyIntolerance</td><td class=\"text-center\"/><td class=\"text-center\">y</td><td class=\"text-center\"/><td class=\"text-center\"/><td>patient, _profile</td><td/><td/><td/></tr></tbody></table></div><hr/><div class=\"panel panel-default\"><div class=\"panel-heading\"><h4 id=\"Patient1-1\" class=\"panel-title\"><span style=\"float: right;\">Resource Conformance: supported </span>Patient</h4></div><div class=\"panel-body\"><div class=\"container\"><div class=\"row\"><div class=\"col-lg-4\"><span class=\"lead\">Core FHIR Resource</span><br/><a href=\"http://hl7.org/fhir/R3/patient.html\">Patient</a></div><div class=\"col-lg-4\"><span class=\"lead\">Reference Policy</span><br/></div><div class=\"col-lg-4\"><span class=\"lead\">Interaction summary</span><br/><ul><li>Supports <code>read</code>, <code>search-type</code>.</li></ul></div></div><p/><p/><div class=\"row\"><div class=\"col-lg-7\"><span class=\"lead\">Search Parameters</span><table class=\"table table-condensed table-hover\"><thead><tr><th>Conformance</th><th>Parameter</th><th>Type</th><th>Documentation</th></tr></thead><tbody><tr><td><b>SHALL</b></td><td>_id</td><td><code>token</code></td><td><div/></td></tr></tbody></table></div><div class=\"col-lg-5\">\u00a0</div></div></div></div></div><div class=\"panel panel-default\"><div class=\"panel-heading\"><h4 id=\"Observation1-2\" class=\"panel-title\"><span style=\"float: right;\">Resource Conformance: supported </span>Observation</h4></div><div class=\"panel-body\"><div class=\"container\"><div class=\"row\"><div class=\"col-lg-6\"><span class=\"lead\">Base System Profile</span><br/><code>http://nictiz.nl/fhir/StructureDefinition/zib-PulseRate</code></div><div class=\"col-lg-3\"><span class=\"lead\">Profile Conformance</span><br/><b>SHALL</b></div><div class=\"col-lg-3\"><span class=\"lead\">Reference Policy</span><br/></div></div><p/><div class=\"row\"><div class=\"col-lg-6\"><span class=\"lead\">Interaction summary</span><br/><ul><li>Supports <code>search-type</code>.</li></ul></div></div><p/><div class=\"row\"><div class=\"col-lg-7\"><span class=\"lead\">Search Parameters</span><table class=\"table table-condensed table-hover\"><thead><tr><th>Conformance</th><th>Parameter</th><th>Type</th><th>Documentation</th></tr></thead><tbody><tr><td><b>SHALL</b></td><td>patient</td><td><code>reference</code></td><td><div/></td></tr><tr><td><b>SHALL</b></td><td>_profile</td><td><code>string</code></td><td><div/></td></tr><tr><td><b>SHALL</b></td><td>_sort</td><td><code>string</code></td><td><div/></td></tr><tr><td><b>SHALL</b></td><td>_count</td><td><code>number</code></td><td><div/></td></tr></tbody></table></div><div class=\"col-lg-5\">\u00a0</div></div></div></div></div><div class=\"panel panel-default\"><div class=\"panel-heading\"><h4 id=\"Observation1-3\" class=\"panel-title\"><span style=\"float: right;\">Resource Conformance: supported </span>Observation</h4></div><div class=\"panel-body\"><div class=\"container\"><div class=\"row\"><div class=\"col-lg-6\"><span class=\"lead\">Base System Profile</span><br/><code>http://nictiz.nl/fhir/StructureDefinition/zib-BloodPressure</code></div><div class=\"col-lg-3\"><span class=\"lead\">Profile Conformance</span><br/><b>SHALL</b></div><div class=\"col-lg-3\"><span class=\"lead\">Reference Policy</span><br/></div></div><p/><div class=\"row\"><div class=\"col-lg-6\"><span class=\"lead\">Interaction summary</span><br/><ul><li>Supports <code>search-type</code>, <code>create</code>.</li></ul></div></div><p/><div class=\"row\"><div class=\"col-lg-7\"><span class=\"lead\">Search Parameters</span><table class=\"table table-condensed table-hover\"><thead><tr><th>Conformance</th><th>Parameter</th><th>Type</th><th>Documentation</th></tr></thead><tbody><tr><td><b>SHALL</b></td><td>patient</td><td><code>reference</code></td><td><div/></td></tr><tr><td><b>SHALL</b></td><td>_profile</td><td><code>string</code></td><td><div/></td></tr><tr><td><b>SHALL</b></td><td>_sort</td><td><code>string</code></td><td><div/></td></tr><tr><td><b>SHALL</b></td><td>_count</td><td><code>number</code></td><td><div/></td></tr></tbody></table></div><div class=\"col-lg-5\">\u00a0</div></div></div></div></div><div class=\"panel panel-default\"><div class=\"panel-heading\"><h4 id=\"Observation1-4\" class=\"panel-title\"><span style=\"float: right;\">Resource Conformance: supported </span>Observation</h4></div><div class=\"panel-body\"><div class=\"container\"><div class=\"row\"><div class=\"col-lg-6\"><span class=\"lead\">Base System Profile</span><br/><code>http://nictiz.nl/fhir/StructureDefinition/zib-BodyTemperature</code></div><div class=\"col-lg-3\"><span class=\"lead\">Profile Conformance</span><br/><b>SHALL</b></div><div class=\"col-lg-3\"><span class=\"lead\">Reference Policy</span><br/></div></div><p/><div class=\"row\"><div class=\"col-lg-6\"><span class=\"lead\">Interaction summary</span><br/><ul><li>Supports <code>search-type</code>, <code>create</code>.</li></ul></div></div><p/><div class=\"row\"><div class=\"col-lg-7\"><span class=\"lead\">Search Parameters</span><table class=\"table table-condensed table-hover\"><thead><tr><th>Conformance</th><th>Parameter</th><th>Type</th><th>Documentation</th></tr></thead><tbody><tr><td><b>SHALL</b></td><td>patient</td><td><code>reference</code></td><td><div/></td></tr><tr><td><b>SHALL</b></td><td>_profile</td><td><code>string</code></td><td><div/></td></tr><tr><td><b>SHALL</b></td><td>_sort</td><td><code>string</code></td><td><div/></td></tr><tr><td><b>SHALL</b></td><td>_count</td><td><code>number</code></td><td><div/></td></tr></tbody></table></div><div class=\"col-lg-5\">\u00a0</div></div></div></div></div><div class=\"panel panel-default\"><div class=\"panel-heading\"><h4 id=\"Observation1-5\" class=\"panel-title\"><span style=\"float: right;\">Resource Conformance: supported </span>Observation</h4></div><div class=\"panel-body\"><div class=\"container\"><div class=\"row\"><div class=\"col-lg-6\"><span class=\"lead\">Base System Profile</span><br/><code>http://nictiz.nl/fhir/StructureDefinition/zib-BodyHeight</code></div><div class=\"col-lg-3\"><span class=\"lead\">Profile Conformance</span><br/><b>SHALL</b></div><div class=\"col-lg-3\"><span class=\"lead\">Reference Policy</span><br/></div></div><p/><div class=\"row\"><div class=\"col-lg-6\"><span class=\"lead\">Interaction summary</span><br/><ul><li>Supports <code>search-type</code>, <code>create</code>.</li></ul></div></div><p/><div class=\"row\"><div class=\"col-lg-7\"><span class=\"lead\">Search Parameters</span><table class=\"table table-condensed table-hover\"><thead><tr><th>Conformance</th><th>Parameter</th><th>Type</th><th>Documentation</th></tr></thead><tbody><tr><td><b>SHALL</b></td><td>patient</td><td><code>reference</code></td><td><div/></td></tr><tr><td><b>SHALL</b></td><td>_profile</td><td><code>string</code></td><td><div/></td></tr><tr><td><b>SHALL</b></td><td>_sort</td><td><code>string</code></td><td><div/></td></tr><tr><td><b>SHALL</b></td><td>_count</td><td><code>number</code></td><td><div/></td></tr></tbody></table></div><div class=\"col-lg-5\">\u00a0</div></div></div></div></div><div class=\"panel panel-default\"><div class=\"panel-heading\"><h4 id=\"Observation1-6\" class=\"panel-title\"><span style=\"float: right;\">Resource Conformance: supported </span>Observation</h4></div><div class=\"panel-body\"><div class=\"container\"><div class=\"row\"><div class=\"col-lg-6\"><span class=\"lead\">Base System Profile</span><br/><code>http://nictiz.nl/fhir/StructureDefinition/zib-BodyWeight</code></div><div class=\"col-lg-3\"><span class=\"lead\">Profile Conformance</span><br/><b>SHALL</b></div><div class=\"col-lg-3\"><span class=\"lead\">Reference Policy</span><br/></div></div><p/><div class=\"row\"><div class=\"col-lg-6\"><span class=\"lead\">Interaction summary</span><br/><ul><li>Supports <code>search-type</code>.</li></ul></div></div><p/><div class=\"row\"><div class=\"col-lg-7\"><span class=\"lead\">Search Parameters</span><table class=\"table table-condensed table-hover\"><thead><tr><th>Conformance</th><th>Parameter</th><th>Type</th><th>Documentation</th></tr></thead><tbody><tr><td><b>SHALL</b></td><td>patient</td><td><code>reference</code></td><td><div/></td></tr><tr><td><b>SHALL</b></td><td>_profile</td><td><code>string</code></td><td><div/></td></tr><tr><td><b>SHALL</b></td><td>_sort</td><td><code>string</code></td><td><div/></td></tr><tr><td><b>SHALL</b></td><td>_count</td><td><code>number</code></td><td><div/></td></tr></tbody></table></div><div class=\"col-lg-5\">\u00a0</div></div></div></div></div><div class=\"panel panel-default\"><div class=\"panel-heading\"><h4 id=\"Observation1-7\" class=\"panel-title\"><span style=\"float: right;\">Resource Conformance: supported </span>Observation</h4></div><div class=\"panel-body\"><div class=\"container\"><div class=\"row\"><div class=\"col-lg-6\"><span class=\"lead\">Base System Profile</span><br/><code>http://nictiz.nl/fhir/StructureDefinition/zib-Respiration</code></div><div class=\"col-lg-3\"><span class=\"lead\">Profile Conformance</span><br/><b>SHALL</b></div><div class=\"col-lg-3\"><span class=\"lead\">Reference Policy</span><br/></div></div><p/><div class=\"row\"><div class=\"col-lg-6\"><span class=\"lead\">Interaction summary</span><br/><ul><li>Supports <code>search-type</code>.</li></ul></div></div><p/><div class=\"row\"><div class=\"col-lg-7\"><span class=\"lead\">Search Parameters</span><table class=\"table table-condensed table-hover\"><thead><tr><th>Conformance</th><th>Parameter</th><th>Type</th><th>Documentation</th></tr></thead><tbody><tr><td><b>SHALL</b></td><td>patient</td><td><code>reference</code></td><td><div/></td></tr><tr><td><b>SHALL</b></td><td>_profile</td><td><code>string</code></td><td><div/></td></tr><tr><td><b>SHALL</b></td><td>_sort</td><td><code>string</code></td><td><div/></td></tr><tr><td><b>SHALL</b></td><td>_count</td><td><code>number</code></td><td><div/></td></tr></tbody></table></div><div class=\"col-lg-5\">\u00a0</div></div></div></div></div><div class=\"panel panel-default\"><div class=\"panel-heading\"><h4 id=\"Observation1-8\" class=\"panel-title\"><span style=\"float: right;\">Resource Conformance: supported </span>Observation</h4></div><div class=\"panel-body\"><div class=\"container\"><div class=\"row\"><div class=\"col-lg-6\"><span class=\"lead\">Base System Profile</span><br/><code>https://nuts.nl/fhir/StructureDefinition/nl-core-nursingreport</code></div><div class=\"col-lg-3\"><span class=\"lead\">Profile Conformance</span><br/><b>SHALL</b></div><div class=\"col-lg-3\"><span class=\"lead\">Reference Policy</span><br/></div></div><p/><div class=\"row\"><div class=\"col-lg-6\"><span class=\"lead\">Interaction summary</span><br/><ul><li>Supports <code>search-type</code>, <code>create</code>.</li></ul></div></div><p/><div class=\"row\"><div class=\"col-lg-7\"><span class=\"lead\">Search Parameters</span><table class=\"table table-condensed table-hover\"><thead><tr><th>Conformance</th><th>Parameter</th><th>Type</th><th>Documentation</th></tr></thead><tbody><tr><td><b>SHALL</b></td><td>patient</td><td><code>reference</code></td><td><div/></td></tr><tr><td><b>SHALL</b></td><td>_profile</td><td><code>string</code></td><td><div/></td></tr><tr><td><b>SHALL</b></td><td>_sort</td><td><code>string</code></td><td><div/></td></tr><tr><td><b>SHALL</b></td><td>_count</td><td><code>number</code></td><td><div/></td></tr></tbody></table></div><div class=\"col-lg-5\">\u00a0</div></div></div></div></div><div class=\"panel panel-default\"><div class=\"panel-heading\"><h4 id=\"Observation1-9\" class=\"panel-title\"><span style=\"float: right;\">Resource Conformance: supported </span>Observation</h4></div><div class=\"panel-body\"><div class=\"container\"><div class=\"row\"><div class=\"col-lg-6\"><span class=\"lead\">Base System Profile</span><br/><code>http://nictiz.nl/fhir/StructureDefinition/zib-LivingSituation</code></div><div class=\"col-lg-3\"><span class=\"lead\">Profile Conformance</span><br/><b>SHALL</b></div><div class=\"col-lg-3\"><span class=\"lead\">Reference Policy</span><br/></div></div><p/><div class=\"row\"><div class=\"col-lg-6\"><span class=\"lead\">Interaction summary</span><br/><ul><li>Supports <code>search-type</code>.</li></ul></div></div><p/><div class=\"row\"><div class=\"col-lg-7\"><span class=\"lead\">Search Parameters</span><table class=\"table table-condensed table-hover\"><thead><tr><th>Conformance</th><th>Parameter</th><th>Type</th><th>Documentation</th></tr></thead><tbody><tr><td><b>SHALL</b></td><td>patient</td><td><code>reference</code></td><td><div/></td></tr><tr><td><b>SHALL</b></td><td>_profile</td><td><code>string</code></td><td><div/></td></tr><tr><td><b>SHALL</b></td><td>_sort</td><td><code>string</code></td><td><div/></td></tr><tr><td><b>SHALL</b></td><td>_count</td><td><code>number</code></td><td><div/></td></tr></tbody></table></div><div class=\"col-lg-5\">\u00a0</div></div></div></div></div><div class=\"panel panel-default\"><div class=\"panel-heading\"><h4 id=\"Flag1-10\" class=\"panel-title\"><span style=\"float: right;\">Resource Conformance: supported </span>Flag</h4></div><div class=\"panel-body\"><div class=\"container\"><div class=\"row\"><div class=\"col-lg-6\"><span class=\"lead\">Base System Profile</span><br/><code>http://nictiz.nl/fhir/StructureDefinition/zib-Alert</code></div><div class=\"col-lg-3\"><span class=\"lead\">Profile Conformance</span><br/><b>SHALL</b></div><div class=\"col-lg-3\"><span class=\"lead\">Reference Policy</span><br/></div></div><p/><div class=\"row\"><div class=\"col-lg-6\"><span class=\"lead\">Interaction summary</span><br/><ul><li>Supports <code>search-type</code>.</li></ul></div></div><p/><div class=\"row\"><div class=\"col-lg-7\"><span class=\"lead\">Search Parameters</span><table class=\"table table-condensed table-hover\"><thead><tr><th>Conformance</th><th>Parameter</th><th>Type</th><th>Documentation</th></tr></thead><tbody><tr><td><b>SHALL</b></td><td>patient</td><td><code>reference</code></td><td><div/></td></tr><tr><td><b>SHALL</b></td><td>_profile</td><td><code>string</code></td><td><div/></td></tr></tbody></table></div><div class=\"col-lg-5\">\u00a0</div></div></div></div></div><div class=\"panel panel-default\"><div class=\"panel-heading\"><h4 id=\"Consent1-11\" class=\"panel-title\"><span style=\"float: right;\">Resource Conformance: supported </span>Consent</h4></div><div class=\"panel-body\"><div class=\"container\"><div class=\"row\"><div class=\"col-lg-6\"><span class=\"lead\">Base System Profile</span><br/><code>http://nictiz.nl/fhir/StructureDefinition/zib-AdvanceDirective</code></div><div class=\"col-lg-3\"><span class=\"lead\">Profile Conformance</span><br/><b>SHALL</b></div><div class=\"col-lg-3\"><span class=\"lead\">Reference Policy</span><br/></div></div><p/><div class=\"row\"><div class=\"col-lg-6\"><span class=\"lead\">Interaction summary</span><br/><ul><li>Supports <code>search-type</code>.</li></ul></div></div><p/><div class=\"row\"><div class=\"col-lg-7\"><span class=\"lead\">Search Parameters</span><table class=\"table table-condensed table-hover\"><thead><tr><th>Conformance</th><th>Parameter</th><th>Type</th><th>Documentation</th></tr></thead><tbody><tr><td><b>SHALL</b></td><td>patient</td><td><code>reference</code></td><td><div/></td></tr><tr><td><b>SHALL</b></td><td>_profile</td><td><code>string</code></td><td><div/></td></tr></tbody></table></div><div class=\"col-lg-5\">\u00a0</div></div></div></div></div><div class=\"panel panel-default\"><div class=\"panel-heading\"><h4 id=\"AllergyIntolerance1-12\" class=\"panel-title\"><span style=\"float: right;\">Resource Conformance: supported </span>AllergyIntolerance</h4></div><div class=\"panel-body\"><div class=\"container\"><div class=\"row\"><div class=\"col-lg-6\"><span class=\"lead\">Base System Profile</span><br/><code>http://nictiz.nl/fhir/StructureDefinition/zib-AllergyIntolerance</code></div><div class=\"col-lg-3\"><span class=\"lead\">Profile Conformance</span><br/><b>SHALL</b></div><div class=\"col-lg-3\"><span class=\"lead\">Reference Policy</span><br/></div></div><p/><div class=\"row\"><div class=\"col-lg-6\"><span class=\"lead\">Interaction summary</span><br/><ul><li>Supports <code>search-type</code>.</li></ul></div></div><p/><div class=\"row\"><div class=\"col-lg-7\"><span class=\"lead\">Search Parameters</span><table class=\"table table-condensed table-hover\"><thead><tr><th>Conformance</th><th>Parameter</th><th>Type</th><th>Documentation</th></tr></thead><tbody><tr><td><b>SHALL</b></td><td>patient</td><td><code>reference</code></td><td><div/></td></tr><tr><td><b>SHALL</b></td><td>_profile</td><td><code>string</code></td><td><div/></td></tr></tbody></table></div><div class=\"col-lg-5\">\u00a0</div></div></div></div></div></div>"
  },
  "url" : "http://nuts-foundation.github.io/nl-generic-anw-ig/CapabilityStatement/ANW-Bronhouder",
  "version" : "0.1.0",
  "name" : "ANW-Bronhouder",
  "title" : "ANW Bronhouder Capability Statement v1.0.0",
  "status" : "active",
  "date" : "2025-10-15",
  "publisher" : "Stichting Nuts",
  "contact" : [{
    "name" : "Stichting Nuts",
    "telecom" : [{
      "system" : "url",
      "value" : "https://www.nuts.nl"
    }]
  }],
  "description" : "Version 1.0 capability statement defining the basic requirements for ANW FHIR servers wanting to support the ANW-Bronhouder usecase.",
  "jurisdiction" : [{
    "coding" : [{
      "system" : "urn:iso:std:iso:3166",
      "code" : "NL",
      "display" : "Netherlands"
    }]
  }],
  "kind" : "requirements",
  "fhirVersion" : "3.0.2",
  "format" : ["json",
  "xml"],
  "rest" : [{
    "mode" : "server",
    "documentation" : "ANW FHIR Server v1.0 - supporting Patient resources with ANW-specific profiles",
    "resource" : [{
      "type" : "Patient",
      "interaction" : [{
        "code" : "read"
      },
      {
        "code" : "search-type"
      }],
      "searchInclude" : ["PractitionerRole:organization"],
      "searchParam" : [{
        "name" : "_id",
        "type" : "token"
      }]
    },
    {
      "type" : "Observation",
      "profile" : "http://nictiz.nl/fhir/StructureDefinition/zib-PulseRate",
      "interaction" : [{
        "code" : "search-type"
      }],
      "searchParam" : [{
        "name" : "patient",
        "type" : "reference"
      },
      {
        "name" : "_profile",
        "type" : "string"
      },
      {
        "name" : "_sort",
        "type" : "string"
      },
      {
        "name" : "_count",
        "type" : "number"
      }]
    },
    {
      "type" : "Observation",
      "profile" : "http://nictiz.nl/fhir/StructureDefinition/zib-BloodPressure",
      "interaction" : [{
        "code" : "search-type"
      },
      {
        "code" : "create"
      }],
      "searchParam" : [{
        "name" : "patient",
        "type" : "reference"
      },
      {
        "name" : "_profile",
        "type" : "string"
      },
      {
        "name" : "_sort",
        "type" : "string"
      },
      {
        "name" : "_count",
        "type" : "number"
      }]
    },
    {
      "type" : "Observation",
      "profile" : "http://nictiz.nl/fhir/StructureDefinition/zib-BodyTemperature",
      "interaction" : [{
        "code" : "search-type"
      },
      {
        "code" : "create"
      }],
      "searchParam" : [{
        "name" : "patient",
        "type" : "reference"
      },
      {
        "name" : "_profile",
        "type" : "string"
      },
      {
        "name" : "_sort",
        "type" : "string"
      },
      {
        "name" : "_count",
        "type" : "number"
      }]
    },
    {
      "type" : "Observation",
      "profile" : "http://nictiz.nl/fhir/StructureDefinition/zib-BodyHeight",
      "interaction" : [{
        "code" : "search-type"
      },
      {
        "code" : "create"
      }],
      "searchParam" : [{
        "name" : "patient",
        "type" : "reference"
      },
      {
        "name" : "_profile",
        "type" : "string"
      },
      {
        "name" : "_sort",
        "type" : "string"
      },
      {
        "name" : "_count",
        "type" : "number"
      }]
    },
    {
      "type" : "Observation",
      "profile" : "http://nictiz.nl/fhir/StructureDefinition/zib-BodyWeight",
      "interaction" : [{
        "code" : "search-type"
      }],
      "searchParam" : [{
        "name" : "patient",
        "type" : "reference"
      },
      {
        "name" : "_profile",
        "type" : "string"
      },
      {
        "name" : "_sort",
        "type" : "string"
      },
      {
        "name" : "_count",
        "type" : "number"
      }]
    },
    {
      "type" : "Observation",
      "profile" : "http://nictiz.nl/fhir/StructureDefinition/zib-Respiration",
      "interaction" : [{
        "code" : "search-type"
      }],
      "searchParam" : [{
        "name" : "patient",
        "type" : "reference"
      },
      {
        "name" : "_profile",
        "type" : "string"
      },
      {
        "name" : "_sort",
        "type" : "string"
      },
      {
        "name" : "_count",
        "type" : "number"
      }]
    },
    {
      "type" : "Observation",
      "profile" : "https://nuts.nl/fhir/StructureDefinition/nl-core-nursingreport",
      "interaction" : [{
        "code" : "search-type"
      },
      {
        "code" : "create"
      }],
      "searchParam" : [{
        "name" : "patient",
        "type" : "reference"
      },
      {
        "name" : "_profile",
        "type" : "string"
      },
      {
        "name" : "_sort",
        "type" : "string"
      },
      {
        "name" : "_count",
        "type" : "number"
      }]
    },
    {
      "type" : "Observation",
      "profile" : "http://nictiz.nl/fhir/StructureDefinition/zib-LivingSituation",
      "interaction" : [{
        "code" : "search-type"
      }],
      "searchParam" : [{
        "name" : "patient",
        "type" : "reference"
      },
      {
        "name" : "_profile",
        "type" : "string"
      },
      {
        "name" : "_sort",
        "type" : "string"
      },
      {
        "name" : "_count",
        "type" : "number"
      }]
    },
    {
      "type" : "Flag",
      "profile" : "http://nictiz.nl/fhir/StructureDefinition/zib-Alert",
      "interaction" : [{
        "code" : "search-type"
      }],
      "searchParam" : [{
        "name" : "patient",
        "type" : "reference"
      },
      {
        "name" : "_profile",
        "type" : "string"
      }]
    },
    {
      "type" : "Consent",
      "profile" : "http://nictiz.nl/fhir/StructureDefinition/zib-AdvanceDirective",
      "interaction" : [{
        "code" : "search-type"
      }],
      "searchParam" : [{
        "name" : "patient",
        "type" : "reference"
      },
      {
        "name" : "_profile",
        "type" : "string"
      }]
    },
    {
      "type" : "AllergyIntolerance",
      "profile" : "http://nictiz.nl/fhir/StructureDefinition/zib-AllergyIntolerance",
      "interaction" : [{
        "code" : "search-type"
      }],
      "searchParam" : [{
        "name" : "patient",
        "type" : "reference"
      },
      {
        "name" : "_profile",
        "type" : "string"
      }]
    }],
    "operation" : [{
      "name" : "bronhouder-notification-endpoint",
      "definition" : "https://github.com/nuts-foundation/bolts/blob/master/anw/TD-ANWv2024.1.md#anw-bronhouder"
    },
    {
      "name" : "ANW-zorg",
      "definition" : "http://nuts-foundation.github.io/nl-generic-anw-ig/OperationDefinition/ANW-zorg"
    }]
  }]
}