<?xml version="1.0" encoding="UTF-8"?>

<CapabilityStatement xmlns="http://hl7.org/fhir">
  <id value="ANWZorgverlenerCapabilityStatement-v1.0.0"/>
  <text>
    <status value="extensions"/><div xmlns="http://www.w3.org/1999/xhtml"><p class="res-header-id"><b>Generated Narrative: CapabilityStatement ANWZorgverlenerCapabilityStatement-v1.0.0</b></p><a name="ANWZorgverlenerCapabilityStatement-v1.0.0"> </a><a name="hcANWZorgverlenerCapabilityStatement-v1.0.0"> </a><h2 id="title">ANW Zorgverlener Capability Statement v1.0.0</h2><ul><li>Implementation Guide Version: 1.0.0 </li><li>FHIR Version: 3.0.2 </li><li>Supported Formats: <code>json</code>, <code>xml</code></li><li>Published on: 2025-10-15 </li><li>Published by: Stichting Nuts </li></ul><blockquote class="impl-note"><p><strong>Note to Implementers: FHIR Capabilities</strong></p><p>Any FHIR capability may be 'allowed' by the system unless explicitly marked as 'SHALL NOT'. A few items are marked as MAY in the Implementation Guide to highlight their potential relevance to the use case.</p></blockquote><h2 id="rest">FHIR RESTful Capabilities</h2><div class="panel panel-default"><div class="panel-heading"><h3 id="mode1" class="panel-title">Mode: <code>server</code></h3></div><div class="panel-body"><div><p>ANW FHIR Server v1.0 - supporting Patient resources with ANW-specific profiles</p>
</div><div class="row"><div class="col-12"><span class="lead">Summary of System-wide Operations</span><table class="table table-condensed table-hover"><thead><tr><th>Conformance</th><th>Operation</th><th>Documentation</th></tr></thead><tbody><tr><td><b>SHALL</b></td><td>$zorgverlener-notification-endpoint</td><td><div/></td></tr><tr><td><b>SHALL</b></td><td><a href="OperationDefinition-ANW-zorg.html">$ANW-zorg</a></td><td><div/></td></tr></tbody></table></div></div></div></div><h3 id="resourcesCap1">Capabilities by Resource/Profile</h3><h4 id="resourcesSummary1">Summary</h4><p>The summary table lists the resources that are part of this configuration, and for each resource it lists:</p><ul><li>The relevant profiles (if any)</li><li>The interactions supported by each resource (<b><span class="bg-info">R</span></b>ead, <b><span class="bg-info">S</span></b>earch, <b><span class="bg-info">U</span></b>pdate, and <b><span class="bg-info">C</span></b>reate, are always shown, while <b><span class="bg-info">VR</span></b>ead, <b><span class="bg-info">P</span></b>atch, <b><span class="bg-info">D</span></b>elete, <b><span class="bg-info">H</span></b>istory on <b><span class="bg-info">I</span></b>nstance, or <b><span class="bg-info">H</span></b>istory on <b><span class="bg-info">T</span></b>ype are only present if at least one of the resources has support for them.</li><li><span>The required, recommended, and some optional search parameters (if any). </span></li><li>The linked resources enabled for <code>_include</code></li><li>The other resources enabled for <code>_revinclude</code></li><li>The operations on the resource (if any)</li></ul><div class="table-responsive"><table class="table table-condensed table-hover"><thead><tr><th><b>Resource Type</b></th><th><b>Profile</b></th><th class="text-center"><b title="GET a resource (read interaction)">R</b></th><th class="text-center"><b title="GET all set of resources of the type (search interaction)">S</b></th><th class="text-center"><b title="PUT a new resource version (update interaction)">U</b></th><th class="text-center"><b title="POST a new resource (create interaction)">C</b></th><th><b title="Required and recommended search parameters">Searches</b></th><th><code><b>_include</b></code></th><th><code><b>_revinclude</b></code></th><th><b>Operations</b></th></tr></thead><tbody><tr><td><a href="#Practitioner1-1">Practitioner</a></td><td> </td><td class="text-center"/><td class="text-center">y</td><td class="text-center"/><td class="text-center"/><td/><td/><td/><td/></tr></tbody></table></div><hr/><div class="panel panel-default"><div class="panel-heading"><h4 id="Practitioner1-1" class="panel-title"><span style="float: right;">Resource Conformance: supported </span>Practitioner</h4></div><div class="panel-body"><div class="container"><div class="row"><div class="col-lg-4"><span class="lead">Core FHIR Resource</span><br/><a href="http://hl7.org/fhir/R3/practitioner.html">Practitioner</a></div><div class="col-lg-4"><span class="lead">Reference Policy</span><br/></div><div class="col-lg-4"><span class="lead">Interaction summary</span><br/><ul><li>Supports <code>search-type</code>.</li></ul></div></div><p/><p/></div></div></div></div>
  </text>
  <url value="http://nuts-foundation.github.io/nl-generic-anw-ig/CapabilityStatement/ANW-Zorgverlener"/>
  <version value="1.0.0"/>
  <name value="ANW-Zorgverlener"/>
  <title value="ANW Zorgverlener Capability Statement v1.0.0"/>
  <status value="active"/>
  <date value="2025-10-15"/>
  <publisher value="Stichting Nuts"/>
  <contact>
    <name value="Stichting Nuts"/>
    <telecom>
      <system value="url"/>
      <value value="https://www.nuts.nl"/>
    </telecom>
  </contact>
  <description value="Version 1.0 capability statement defining the basic requirements for ANW FHIR servers wanting to support the ANW-Zorgverlener usecase."/>
  <jurisdiction>
    <coding>
      <system value="urn:iso:std:iso:3166"/>
      <code value="NL"/>
      <display value="Netherlands"/>
    </coding>
  </jurisdiction>
  <kind value="requirements"/>
  <fhirVersion value="3.0.2"/>
  <format value="json"/>
  <format value="xml"/>
  <rest>
    <mode value="server"/>
    <documentation value="ANW FHIR Server v1.0 - supporting Patient resources with ANW-specific profiles"/>
    <resource>
      <type value="Practitioner"/>
      <interaction>
        <code value="search-type"/>
      </interaction>
    </resource>
    <operation>
      <name value="zorgverlener-notification-endpoint"/>
      <definition value="https://github.com/nuts-foundation/bolts/blob/master/anw/TD-ANWv2024.1.md#anw-zorgverlener"/>
    </operation>
    <operation>
      <name value="ANW-zorg"/>
      <definition value="http://nuts-foundation.github.io/nl-generic-anw-ig/OperationDefinition/ANW-zorg"/>
    </operation>
  </rest>
</CapabilityStatement>