{
  "codeSystems" : [
    {
      "url" : "http://hl7.org/fhir/FHIR-version",
      "version" : "4.0.1",
      "status" : "active",
      "name" : "FHIRVersion",
      "title" : "FHIRVersion",
      "description" : "All published FHIR Versions.",
      "oids" : ["2.16.840.1.113883.4.642.4.1310"],
      "uses" : {
      },
      "http://hl7.org/fhir/R4/valueset-FHIR-version.html" : "FHIRVersion"
    },
    {
      "url" : "http://hl7.org/fhir/administrative-gender",
      "version" : "4.0.1",
      "status" : "active",
      "name" : "AdministrativeGender",
      "title" : "AdministrativeGender",
      "description" : "The gender of a person used for administrative purposes.",
      "oids" : ["2.16.840.1.113883.4.642.4.2"],
      "uses" : {
      },
      "http://hl7.org/fhir/R4/valueset-administrative-gender.html" : "AdministrativeGender"
    },
    {
      "url" : "http://hl7.org/fhir/capability-statement-kind",
      "version" : "4.0.1",
      "status" : "active",
      "name" : "CapabilityStatementKind",
      "title" : "CapabilityStatementKind",
      "description" : "How a capability statement is intended to be used.",
      "oids" : ["2.16.840.1.113883.4.642.4.199"],
      "uses" : {
      },
      "http://hl7.org/fhir/R4/valueset-capability-statement-kind.html" : "CapabilityStatementKind"
    },
    {
      "url" : "http://hl7.org/fhir/conditional-delete-status",
      "version" : "4.0.1",
      "status" : "active",
      "name" : "ConditionalDeleteStatus",
      "title" : "ConditionalDeleteStatus",
      "description" : "A code that indicates how the server supports conditional delete.",
      "oids" : ["2.16.840.1.113883.4.642.4.195"],
      "uses" : {
      },
      "http://hl7.org/fhir/R4/valueset-conditional-delete-status.html" : "ConditionalDeleteStatus"
    },
    {
      "url" : "http://hl7.org/fhir/conditional-read-status",
      "version" : "4.0.1",
      "status" : "active",
      "name" : "ConditionalReadStatus",
      "title" : "ConditionalReadStatus",
      "description" : "A code that indicates how the server supports conditional read.",
      "oids" : ["2.16.840.1.113883.4.642.4.201"],
      "uses" : {
      },
      "http://hl7.org/fhir/R4/valueset-conditional-read-status.html" : "ConditionalReadStatus"
    },
    {
      "url" : "http://hl7.org/fhir/document-mode",
      "version" : "4.0.1",
      "status" : "active",
      "name" : "DocumentMode",
      "title" : "DocumentMode",
      "description" : "Whether the application produces or consumes documents.",
      "oids" : ["2.16.840.1.113883.4.642.4.187"],
      "uses" : {
      },
      "http://hl7.org/fhir/R4/valueset-document-mode.html" : "DocumentMode"
    },
    {
      "url" : "http://hl7.org/fhir/event-capability-mode",
      "version" : "4.0.1",
      "status" : "active",
      "name" : "EventCapabilityMode",
      "title" : "EventCapabilityMode",
      "description" : "The mode of a message capability statement.",
      "oids" : ["2.16.840.1.113883.4.642.4.183"],
      "uses" : {
      },
      "http://hl7.org/fhir/R4/valueset-event-capability-mode.html" : "EventCapabilityMode"
    },
    {
      "url" : "http://hl7.org/fhir/identifier-use",
      "version" : "4.0.1",
      "status" : "active",
      "name" : "IdentifierUse",
      "title" : "IdentifierUse",
      "description" : "Identifies the purpose for this identifier, if known .",
      "oids" : ["2.16.840.1.113883.4.642.4.58"],
      "uses" : {
      },
      "http://hl7.org/fhir/R4/valueset-identifier-use.html" : "IdentifierUse"
    },
    {
      "url" : "http://hl7.org/fhir/link-type",
      "version" : "4.0.1",
      "status" : "active",
      "name" : "LinkType",
      "title" : "LinkType",
      "description" : "The type of link between this patient resource and another patient resource.",
      "oids" : ["2.16.840.1.113883.4.642.4.424"],
      "uses" : {
      },
      "http://hl7.org/fhir/R4/valueset-link-type.html" : "LinkType"
    },
    {
      "url" : "http://hl7.org/fhir/publication-status",
      "version" : "4.0.1",
      "status" : "active",
      "name" : "PublicationStatus",
      "title" : "PublicationStatus",
      "description" : "The lifecycle status of an artifact.",
      "oids" : ["2.16.840.1.113883.4.642.4.4"],
      "uses" : {
      },
      "http://hl7.org/fhir/R4/valueset-publication-status.html" : "PublicationStatus"
    },
    {
      "url" : "http://hl7.org/fhir/reference-handling-policy",
      "version" : "4.0.1",
      "status" : "active",
      "name" : "ReferenceHandlingPolicy",
      "title" : "ReferenceHandlingPolicy",
      "description" : "A set of flags that defines how references are supported.",
      "oids" : ["2.16.840.1.113883.4.642.4.203"],
      "uses" : {
      },
      "http://hl7.org/fhir/R4/valueset-reference-handling-policy.html" : "ReferenceHandlingPolicy"
    },
    {
      "url" : "http://hl7.org/fhir/resource-types",
      "version" : "4.0.1",
      "status" : "active",
      "name" : "ResourceType",
      "title" : "ResourceType",
      "description" : "One of the resource types defined as part of this version of FHIR.",
      "uses" : {
      },
      "http://hl7.org/fhir/R4/valueset-resource-types.html" : "ResourceType"
    },
    {
      "url" : "http://hl7.org/fhir/restful-capability-mode",
      "version" : "4.0.1",
      "status" : "active",
      "name" : "RestfulCapabilityMode",
      "title" : "RestfulCapabilityMode",
      "description" : "The mode of a RESTful capability statement.",
      "oids" : ["2.16.840.1.113883.4.642.4.177"],
      "uses" : {
      },
      "http://hl7.org/fhir/R4/valueset-restful-capability-mode.html" : "RestfulCapabilityMode"
    },
    {
      "url" : "http://hl7.org/fhir/restful-interaction",
      "version" : "4.0.1",
      "status" : "active",
      "name" : "FHIR Restful Interactions",
      "title" : null,
      "description" : "The set of interactions defined by the RESTful part of the FHIR specification.",
      "uses" : {
      },
      "http://hl7.org/fhir/R4/valueset-system-restful-interaction.html" : "SystemRestfulInteraction",
      "http://hl7.org/fhir/R4/valueset-type-restful-interaction.html" : "TypeRestfulInteraction"
    },
    {
      "url" : "http://hl7.org/fhir/search-param-type",
      "version" : "4.0.1",
      "status" : "active",
      "name" : "SearchParamType",
      "title" : "SearchParamType",
      "description" : "Data types allowed to be used for search parameters.",
      "oids" : ["2.16.840.1.113883.4.642.4.12"],
      "uses" : {
      },
      "http://hl7.org/fhir/R4/valueset-search-param-type.html" : "SearchParamType"
    },
    {
      "url" : "http://hl7.org/fhir/versioning-policy",
      "version" : "4.0.1",
      "status" : "active",
      "name" : "ResourceVersionPolicy",
      "title" : "ResourceVersionPolicy",
      "description" : "How the system supports versioning for a resource.",
      "oids" : ["2.16.840.1.113883.4.642.4.191"],
      "uses" : {
      },
      "http://hl7.org/fhir/R4/valueset-versioning-policy.html" : "ResourceVersionPolicy"
    },
    {
      "url" : "http://terminology.hl7.org/CodeSystem/message-transport",
      "version" : "4.0.1",
      "status" : "active",
      "name" : "MessageTransport",
      "title" : "MessageTransport",
      "description" : "The protocol used for message transport.",
      "oids" : ["2.16.840.1.113883.4.642.4.1080"],
      "uses" : {
      },
      "http://hl7.org/fhir/R4/valueset-message-transport.html" : "MessageTransport"
    },
    {
      "url" : "http://terminology.hl7.org/CodeSystem/restful-security-service",
      "version" : "4.0.1",
      "status" : "active",
      "name" : "RestfulSecurityService",
      "title" : "RestfulSecurityService",
      "description" : "Types of security services used with FHIR.",
      "oids" : ["2.16.840.1.113883.4.642.4.1079"],
      "uses" : {
      },
      "http://hl7.org/fhir/R4/valueset-restful-security-service.html" : "RestfulSecurityService"
    },
    {
      "url" : "http://terminology.hl7.org/CodeSystem/v2-0131",
      "version" : "2.0.0",
      "status" : "active",
      "name" : "ContactRole2",
      "title" : "contactRole2",
      "description" : "Code system of concepts which specify a relationship role that the next of kin/associated parties plays with regard to the patient. Also used in referrals, for example, it may be necessary to identify the contact representative at the clinic that sent a referral. Used in HL7 Version 2 messaging in the NK1 and CTD segments after 2.5, when it replace 2.16.840.1.113883.18.57.",
      "oids" : ["2.16.840.1.113883.18.58"],
      "uses" : {
      },
      "http://hl7.org/fhir/R4/valueset-patient-contactrelationship.html" : "Patient Contact Relationship "
    },
    {
      "url" : "http://terminology.hl7.org/CodeSystem/v2-0203",
      "version" : "5.0.0",
      "status" : "active",
      "name" : "IdentifierType",
      "title" : "identifierType",
      "description" : "HL7-defined code system of concepts specifying type of identifier. Used in HL7 Version 2.x messaging data types CX, PLN, PPN, XCN and XON.",
      "oids" : ["2.16.840.1.113883.18.108"],
      "uses" : {
      },
      "http://hl7.org/fhir/R4/valueset-identifier-type.html" : "IdentifierType"
    },
    {
      "url" : "http://terminology.hl7.org/CodeSystem/v3-MaritalStatus",
      "version" : "3.0.0",
      "status" : "active",
      "name" : "MaritalStatus",
      "title" : "MaritalStatus",
      "description" : "\\* \\* \\* No description supplied \\* \\* \\*\r\n\r\n*Open Issue:* The specific meanings of these codes can vary somewhat by jurisdiction and implementation so caution should be used when determining equivalency.\r\n\r\n*Open Issue:* fixing and completion of the hierarchy and proper good definitions of all the concepts is badly needed.",
      "oids" : ["2.16.840.1.113883.5.2"],
      "uses" : {
      },
      "http://hl7.org/fhir/R4/valueset-marital-status.html" : "MaritalStatus"
    },
    {
      "url" : "http://terminology.hl7.org/CodeSystem/v3-NullFlavor",
      "version" : "3.0.0",
      "status" : "active",
      "name" : "NullFlavor",
      "title" : "NullFlavor",
      "description" : "A collection of codes specifying why a valid value is not present.",
      "oids" : ["2.16.840.1.113883.5.1008"],
      "uses" : {
      },
      "http://hl7.org/fhir/R4/valueset-marital-status.html" : "MaritalStatus"
    },
    {
      "url" : "urn:ietf:bcp:47",
      "version" : "2.0.1",
      "status" : "active",
      "name" : "Ietf3066",
      "title" : "Tags for the Identification of Languages",
      "description" : "Older value from OID registry.  Superceded; see recommendations in BCP-47.",
      "oids" : ["2.16.840.1.113883.6.121"],
      "uses" : {
      },
      "http://hl7.org/fhir/R4/valueset-languages.html" : "Common Languages"
    },
    {
      "url" : "urn:iso:std:iso:3166",
      "version" : "1.0.1",
      "status" : "active",
      "name" : "ISO3166Part1",
      "title" : "ISO 3166-1 Codes for the representation of names of countries and their subdivisions — Part 1: Country code",
      "description" : "ISO 3166-1 establishes codes that represent the current names of countries, dependencies, and other areas of particular geopolitical interest, on the basis of country names obtained from the United Nations.",
      "oids" : ["1.0.3166.1"],
      "uses" : {
      },
      "http://hl7.org/fhir/R4/valueset-jurisdiction.html" : "Jurisdiction"
    },
    {
      "url" : "urn:iso:std:iso:3166:-2",
      "version" : "1.0.1",
      "status" : "active",
      "name" : "ISO3166Part2",
      "title" : "ISO 3166-2 Codes for the representation of names of countries and their subdivisions — Part 2: Country subdivision code",
      "description" : "ISO 3166-2 establishes a code that represents the names of the principal administrative divisions, or similar areas, of the countries and entities included in ISO 3166-1.",
      "oids" : ["1.0.3166.2"],
      "uses" : {
      },
      "http://hl7.org/fhir/R4/valueset-jurisdiction.html" : "Jurisdiction"
    }
  ]
}
